# Savings rate, Time to retire (years)
1.0000000000, 117.4167886237
1.0990990991, 115.0075809417
1.1981981982, 112.8064969596
1.2972972973, 110.7804203035
1.3963963964, 108.9035595474
1.4954954955, 107.1554355098
1.5945945946, 105.5195156333
1.6936936937, 103.9822608154
1.7927927928, 102.5324436825
1.8918918919, 101.1606505235
1.9909909910, 99.8589105322
2.0900900901, 98.6204152004
2.1891891892, 97.4393027741
2.2882882883, 96.3104904676
2.3873873874, 95.2295422757
2.4864864865, 94.1925636881
2.5855855856, 93.1961169919
2.6846846847, 92.2371525132
2.7837837838, 91.3129523272
2.8828828829, 90.4210838198
2.9819819820, 89.5593611007
3.0810810811, 88.7258127265
3.1801801802, 87.9186545357
3.2792792793, 87.1362666535
3.3783783784, 86.3771739206
3.4774774775, 85.6400291527
3.5765765766, 84.9235987524
3.6756756757, 84.2267502884
3.7747747748, 83.5484417270
3.8738738739, 82.8877120594
3.9729729730, 82.2436731134
4.0720720721, 81.6155023739
4.1711711712, 81.0024366665
4.2702702703, 80.4037665833
4.3693693694, 79.8188315477
4.4684684685, 79.2470154336
4.5675675676, 78.6877426641
4.6666666667, 78.1404747299
4.7657657658, 77.6047070727
4.8648648649, 77.0799662904
4.9639639640, 76.5658076234
5.0630630631, 76.0618126893
5.1621621622, 75.5675874379
5.2612612613, 75.0827602997
5.3603603604, 74.6069805085
5.4594594595, 74.1399165759
5.5585585586, 73.6812549048
5.6576576577, 73.2306985242
5.7567567568, 72.7879659344
5.8558558559, 72.3527900505
5.9549549550, 71.9249172350
6.0540540541, 71.5041064097
6.1531531532, 71.0901282400
6.2522522523, 70.6827643842
6.3513513514, 70.2818068023
6.4504504505, 69.8870571177
6.5495495495, 69.4983260277
6.6486486486, 69.1154327589
6.7477477477, 68.7382045616
6.8468468468, 68.3664762428
6.9459459459, 68.0000897310
7.0450450450, 67.6388936730
7.1441441441, 67.2827430586
7.2432432432, 66.9314988706
7.3423423423, 66.5850277595
7.4414414414, 66.2432017395
7.5405405405, 65.9058979042
7.6396396396, 65.5729981619
7.7387387387, 65.2443889869
7.8378378378, 64.9199611874
7.9369369369, 64.5996096874
8.0360360360, 64.2832333228
8.1351351351, 63.9707346493
8.2342342342, 63.6620197621
8.3333333333, 63.3569981269
8.4324324324, 63.0555824204
8.5315315315, 62.7576883800
8.6306306306, 62.4632346626
8.7297297297, 62.1721427114
8.8288288288, 61.8843366297
8.9279279279, 61.5997430625
9.0270270270, 61.3182910840
9.1261261261, 61.0399120917
9.2252252252, 60.7645397060
9.3243243243, 60.4921096750
9.4234234234, 60.2225597848
9.5225225225, 59.9558297739
9.6216216216, 59.6918612528
9.7207207207, 59.4305976266
9.8198198198, 59.1719840230
9.9189189189, 58.9159672224
10.0180180180, 58.6624955925
10.1171171171, 58.4115190259
10.2162162162, 58.1629888803
10.3153153153, 57.9168579224
10.4144144144, 57.6730802734
10.5135135135, 57.4316113583
10.6126126126, 57.1924078566
10.7117117117, 56.9554276558
10.8108108108, 56.7206298068
10.9099099099, 56.4879744815
11.0090090090, 56.2574229323
11.1081081081, 56.0289374532
11.2072072072, 55.8024813432
11.3063063063, 55.5780188702
11.4054054054, 55.3555152379
11.5045045045, 55.1349365530
11.6036036036, 54.9162497943
11.7027027027, 54.6994227832
11.8018018018, 54.4844241550
11.9009009009, 54.2712233319
12.0000000000, 54.0597904968
12.0990990991, 53.8500965682
12.1981981982, 53.6421131764
12.2972972973, 53.4358126404
12.3963963964, 53.2311679456
12.4954954955, 53.0281527227
12.5945945946, 52.8267412275
12.6936936937, 52.6269083210
12.7927927928, 52.4286294507
12.8918918919, 52.2318806325
12.9909909910, 52.0366384334
13.0900900901, 51.8428799544
13.1891891892, 51.6505828148
13.2882882883, 51.4597251365
13.3873873874, 51.2702855291
13.4864864865, 51.0822430753
13.5855855856, 50.8955773173
13.6846846847, 50.7102682435
13.7837837838, 50.5262962754
13.8828828829, 50.3436422551
13.9819819820, 50.1622874339
14.0810810811, 49.9822134600
14.1801801802, 49.8034023678
14.2792792793, 49.6258365671
14.3783783784, 49.4494988327
14.4774774775, 49.2743722943
14.5765765766, 49.1004404269
14.6756756757, 48.9276870412
14.7747747748, 48.7560962752
14.8738738739, 48.5856525845
14.9729729730, 48.4163407346
15.0720720721, 48.2481457927
15.1711711712, 48.0810531193
15.2702702703, 47.9150483608
15.3693693694, 47.7501174425
15.4684684685, 47.5862465608
15.5675675676, 47.4234221766
15.6666666667, 47.2616310086
15.7657657658, 47.1008600268
15.8648648649, 46.9410964459
15.9639639640, 46.7823277197
16.0630630631, 46.6245415347
16.1621621622, 46.4677258050
16.2612612613, 46.3118686658
16.3603603604, 46.1569584690
16.4594594595, 46.0029837772
16.5585585586, 45.8499333594
16.6576576577, 45.6977961851
16.7567567568, 45.5465614205
16.8558558559, 45.3962184234
16.9549549550, 45.2467567385
17.0540540541, 45.0981660935
17.1531531532, 44.9504363946
17.2522522523, 44.8035577226
17.3513513514, 44.6575203285
17.4504504505, 44.5123146300
17.5495495495, 44.3679312076
17.6486486486, 44.2243608008
17.7477477477, 44.0815943048
17.8468468468, 43.9396227668
17.9459459459, 43.7984373829
18.0450450450, 43.6580294943
18.1441441441, 43.5183905849
18.2432432432, 43.3795122774
18.3423423423, 43.2413863308
18.4414414414, 43.1040046373
18.5405405405, 42.9673592196
18.6396396396, 42.8314422277
18.7387387387, 42.6962459367
18.8378378378, 42.5617627438
18.9369369369, 42.4279851659
19.0360360360, 42.2949058372
19.1351351351, 42.1625175064
19.2342342342, 42.0308130348
19.3333333333, 41.8997853937
19.4324324324, 41.7694276621
19.5315315315, 41.6397330247
19.6306306306, 41.5106947697
19.7297297297, 41.3823062866
19.8288288288, 41.2545610645
19.9279279279, 41.1274526895
20.0270270270, 41.0009748434
20.1261261261, 40.8751213015
20.2252252252, 40.7498859309
20.3243243243, 40.6252626885
20.4234234234, 40.5012456195
20.5225225225, 40.3778288555
20.6216216216, 40.2550066129
20.7207207207, 40.1327731913
20.8198198198, 40.0111229720
20.9189189189, 39.8900504162
21.0180180180, 39.7695500636
21.1171171171, 39.6496165311
21.2162162162, 39.5302445111
21.3153153153, 39.4114287703
21.4144144144, 39.2931641482
21.5135135135, 39.1754455556
21.6126126126, 39.0582679737
21.7117117117, 38.9416264525
21.8108108108, 38.8255161096
21.9099099099, 38.7099321290
22.0090090090, 38.5948697599
22.1081081081, 38.4803243157
22.2072072072, 38.3662911723
22.3063063063, 38.2527657677
22.4054054054, 38.1397436006
22.5045045045, 38.0272202289
22.6036036036, 37.9151912695
22.7027027027, 37.8036523966
22.8018018018, 37.6925993410
22.9009009009, 37.5820278889
23.0000000000, 37.4719338813
23.0990990991, 37.3623132127
23.1981981982, 37.2531618304
23.2972972973, 37.1444757334
23.3963963964, 37.0362509718
23.4954954955, 36.9284836457
23.5945945946, 36.8211699045
23.6936936937, 36.7143059460
23.7927927928, 36.6078880155
23.8918918919, 36.5019124053
23.9909909910, 36.3963754536
24.0900900901, 36.2912735441
24.1891891892, 36.1866031046
24.2882882883, 36.0823606072
24.3873873874, 35.9785425668
24.4864864865, 35.8751455408
24.5855855856, 35.7721661284
24.6846846847, 35.6696009695
24.7837837838, 35.5674467449
24.8828828829, 35.4657001747
24.9819819820, 35.3643580183
25.0810810811, 35.2634170735
25.1801801802, 35.1628741762
25.2792792793, 35.0627261994
25.3783783784, 34.9629700527
25.4774774775, 34.8636026821
25.5765765766, 34.7646210689
25.6756756757, 34.6660222297
25.7747747748, 34.5678032154
25.8738738739, 34.4699611108
25.9729729730, 34.3724930343
26.0720720721, 34.2753961371
26.1711711712, 34.1786676029
26.2702702703, 34.0823046472
26.3693693694, 33.9863045172
26.4684684685, 33.8906644908
26.5675675676, 33.7953818765
26.6666666667, 33.7004540131
26.7657657658, 33.6058782686
26.8648648649, 33.5116520406
26.9639639640, 33.4177727551
27.0630630631, 33.3242378666
27.1621621622, 33.2310448575
27.2612612613, 33.1381912377
27.3603603604, 33.0456745442
27.4594594595, 32.9534923407
27.5585585586, 32.8616422173
27.6576576577, 32.7701217899
27.7567567568, 32.6789287001
27.8558558559, 32.5880606148
27.9549549550, 32.4975152255
28.0540540541, 32.4072902484
28.1531531532, 32.3173834238
28.2522522523, 32.2277925159
28.3513513514, 32.1385153123
28.4504504505, 32.0495496237
28.5495495495, 31.9608932839
28.6486486486, 31.8725441488
28.7477477477, 31.7845000969
28.8468468468, 31.6967590285
28.9459459459, 31.6093188652
29.0450450450, 31.5221775505
29.1441441441, 31.4353330483
29.2432432432, 31.3487833437
29.3423423423, 31.2625264419
29.4414414414, 31.1765603685
29.5405405405, 31.0908831691
29.6396396396, 31.0054929085
29.7387387387, 30.9203876714
29.8378378378, 30.8355655612
29.9369369369, 30.7510247005
30.0360360360, 30.6667632302
30.1351351351, 30.5827793098
30.2342342342, 30.4990711168
30.3333333333, 30.4156368467
30.4324324324, 30.3324747126
30.5315315315, 30.2495829450
30.6306306306, 30.1669597917
30.7297297297, 30.0846035173
30.8288288288, 30.0025124033
30.9279279279, 29.9206847478
31.0270270270, 29.8391188651
31.1261261261, 29.7578130856
31.2252252252, 29.6767657558
31.3243243243, 29.5959752378
31.4234234234, 29.5154399092
31.5225225225, 29.4351581630
31.6216216216, 29.3551284073
31.7207207207, 29.2753490651
31.8198198198, 29.1958185743
31.9189189189, 29.1165353871
32.0180180180, 29.0374979704
32.1171171171, 28.9587048051
32.2162162162, 28.8801543863
32.3153153153, 28.8018452228
32.4144144144, 28.7237758372
32.5135135135, 28.6459447656
32.6126126126, 28.5683505576
32.7117117117, 28.4909917757
32.8108108108, 28.4138669957
32.9099099099, 28.3369748062
33.0090090090, 28.2603138085
33.1081081081, 28.1838826167
33.2072072072, 28.1076798569
33.3063063063, 28.0317041678
33.4054054054, 27.9559542003
33.5045045045, 27.8804286169
33.6036036036, 27.8051260924
33.7027027027, 27.7300453131
33.8018018018, 27.6551849768
33.9009009009, 27.5805437928
34.0000000000, 27.5061204817
34.0990990991, 27.4319137754
34.1981981982, 27.3579224166
34.2972972973, 27.2841451591
34.3963963964, 27.2105807675
34.4954954955, 27.1372280168
34.5945945946, 27.0640856929
34.6936936937, 26.9911525920
34.7927927928, 26.9184275203
34.8918918919, 26.8459092947
34.9909909910, 26.7735967417
35.0900900901, 26.7014886981
35.1891891892, 26.6295840104
35.2882882883, 26.5578815348
35.3873873874, 26.4863801371
35.4864864865, 26.4150786927
35.5855855856, 26.3439760865
35.6846846847, 26.2730712124
35.7837837838, 26.2023629738
35.8828828829, 26.1318502831
35.9819819820, 26.0615320616
36.0810810811, 25.9914072397
36.1801801802, 25.9214747564
36.2792792793, 25.8517335594
36.3783783784, 25.7821826053
36.4774774775, 25.7128208589
36.5765765766, 25.6436472936
36.6756756757, 25.5746608910
36.7747747748, 25.5058606411
36.8738738739, 25.4372455419
36.9729729730, 25.3688145996
37.0720720721, 25.3005668283
37.1711711712, 25.2325012501
37.2702702703, 25.1646168947
37.3693693694, 25.0969127997
37.4684684685, 25.0293880104
37.5675675676, 24.9620415794
37.6666666667, 24.8948725672
37.7657657658, 24.8278800412
37.8648648649, 24.7610630765
37.9639639640, 24.6944207555
38.0630630631, 24.6279521674
38.1621621622, 24.5616564088
38.2612612613, 24.4955325833
38.3603603604, 24.4295798014
38.4594594595, 24.3637971805
38.5585585586, 24.2981838449
38.6576576577, 24.2327389253
38.7567567568, 24.1674615596
38.8558558559, 24.1023508919
38.9549549550, 24.0374060731
39.0540540541, 23.9726262603
39.1531531532, 23.9080106172
39.2522522523, 23.8435583139
39.3513513514, 23.7792685266
39.4504504505, 23.7151404378
39.5495495495, 23.6511732361
39.6486486486, 23.5873661163
39.7477477477, 23.5237182792
39.8468468468, 23.4602289315
39.9459459459, 23.3968972858
40.0450450450, 23.3337225607
40.1441441441, 23.2707039805
40.2432432432, 23.2078407751
40.3423423423, 23.1451321804
40.4414414414, 23.0825774376
40.5405405405, 23.0201757937
40.6396396396, 22.9579265011
40.7387387387, 22.8958288176
40.8378378378, 22.8338820067
40.9369369369, 22.7720853369
41.0360360360, 22.7104380822
41.1351351351, 22.6489395218
41.2342342342, 22.5875889402
41.3333333333, 22.5263856269
41.4324324324, 22.4653288765
41.5315315315, 22.4044179889
41.6306306306, 22.3436522688
41.7297297297, 22.2830310258
41.8288288288, 22.2225535745
41.9279279279, 22.1622192345
42.0270270270, 22.1020273301
42.1261261261, 22.0419771902
42.2252252252, 21.9820681487
42.3243243243, 21.9222995442
42.4234234234, 21.8626707196
42.5225225225, 21.8031810227
42.6216216216, 21.7438298059
42.7207207207, 21.6846164258
42.8198198198, 21.6255402438
42.9189189189, 21.5666006255
43.0180180180, 21.5077969411
43.1171171171, 21.4491285649
43.2162162162, 21.3905948757
43.3153153153, 21.3321952565
43.4144144144, 21.2739290945
43.5135135135, 21.2157957812
43.6126126126, 21.1577947121
43.7117117117, 21.0999252870
43.8108108108, 21.0421869095
43.9099099099, 20.9845789876
44.0090090090, 20.9271009330
44.1081081081, 20.8697521616
44.2072072072, 20.8125320929
44.3063063063, 20.7554401508
44.4054054054, 20.6984757626
44.5045045045, 20.6416383597
44.6036036036, 20.5849273771
44.7027027027, 20.5283422538
44.8018018018, 20.4718824323
44.9009009009, 20.4155473590
45.0000000000, 20.3593364837
45.0990990991, 20.3032492601
45.1981981982, 20.2472851453
45.2972972973, 20.1914436001
45.3963963964, 20.1357240888
45.4954954955, 20.0801260791
45.5945945946, 20.0246490424
45.6936936937, 19.9692924533
45.7927927928, 19.9140557899
45.8918918919, 19.8589385338
45.9909909910, 19.8039401697
46.0900900901, 19.7490601860
46.1891891892, 19.6942980740
46.2882882883, 19.6396533286
46.3873873874, 19.5851254477
46.4864864865, 19.5307139325
46.5855855856, 19.4764182874
46.6846846847, 19.4222380200
46.7837837838, 19.3681726410
46.8828828829, 19.3142216641
46.9819819820, 19.2603846063
47.0810810811, 19.2066609874
47.1801801802, 19.1530503304
47.2792792793, 19.0995521614
47.3783783784, 19.0461660091
47.4774774775, 18.9928914055
47.5765765766, 18.9397278854
47.6756756757, 18.8866749865
47.7747747748, 18.8337322495
47.8738738739, 18.7808992178
47.9729729730, 18.7281754376
48.0720720721, 18.6755604581
48.1711711712, 18.6230538312
48.2702702703, 18.5706551115
48.3693693694, 18.5183638563
48.4684684685, 18.4661796259
48.5675675676, 18.4141019830
48.6666666667, 18.3621304930
48.7657657658, 18.3102647241
48.8648648649, 18.2585042470
48.9639639640, 18.2068486352
49.0630630631, 18.1552974645
49.1621621622, 18.1038503135
49.2612612613, 18.0525067632
49.3603603604, 18.0012663972
49.4594594595, 17.9501288017
49.5585585586, 17.8990935652
49.6576576577, 17.8481602788
49.7567567568, 17.7973285358
49.8558558559, 17.7465979324
49.9549549550, 17.6959680668
50.0540540541, 17.6454385396
50.1531531532, 17.5950089541
50.2522522523, 17.5446789155
50.3513513514, 17.4944480318
50.4504504505, 17.4443159130
50.5495495495, 17.3942821713
50.6486486486, 17.3443464216
50.7477477477, 17.2945082807
50.8468468468, 17.2447673678
50.9459459459, 17.1951233042
51.0450450450, 17.1455757136
51.1441441441, 17.0961242216
51.2432432432, 17.0467684564
51.3423423423, 16.9975080479
51.4414414414, 16.9483426284
51.5405405405, 16.8992718322
51.6396396396, 16.8502952960
51.7387387387, 16.8014126582
51.8378378378, 16.7526235594
51.9369369369, 16.7039276424
52.0360360360, 16.6553245520
52.1351351351, 16.6068139348
52.2342342342, 16.5583954397
52.3333333333, 16.5100687174
52.4324324324, 16.4618334208
52.5315315315, 16.4136892045
52.6306306306, 16.3656357253
52.7297297297, 16.3176726417
52.8288288288, 16.2697996143
52.9279279279, 16.2220163056
53.0270270270, 16.1743223798
53.1261261261, 16.1267175033
53.2252252252, 16.0792013441
53.3243243243, 16.0317735721
53.4234234234, 15.9844338592
53.5225225225, 15.9371818789
53.6216216216, 15.8900173067
53.7207207207, 15.8429398198
53.8198198198, 15.7959490972
53.9189189189, 15.7490448196
54.0180180180, 15.7022266696
54.1171171171, 15.6554943315
54.2162162162, 15.6088474913
54.3153153153, 15.5622858367
54.4144144144, 15.5158090572
54.5135135135, 15.4694168438
54.6126126126, 15.4231088894
54.7117117117, 15.3768848885
54.8108108108, 15.3307445372
54.9099099099, 15.2846875334
55.0090090090, 15.2387135764
55.1081081081, 15.1928223673
55.2072072072, 15.1470136088
55.3063063063, 15.1012870051
55.4054054054, 15.0556422621
55.5045045045, 15.0100790872
55.6036036036, 14.9645971893
55.7027027027, 14.9191962791
55.8018018018, 14.8738760687
55.9009009009, 14.8286362716
56.0000000000, 14.7834766030
56.0990990991, 14.7383967795
56.1981981982, 14.6933965193
56.2972972973, 14.6484755421
56.3963963964, 14.6036335690
56.4954954955, 14.5588703226
56.5945945946, 14.5141855268
56.6936936937, 14.4695789073
56.7927927928, 14.4250501910
56.8918918919, 14.3805991062
56.9909909910, 14.3362253827
57.0900900901, 14.2919287517
57.1891891892, 14.2477089458
57.2882882883, 14.2035656990
57.3873873874, 14.1594987466
57.4864864865, 14.1155078254
57.5855855856, 14.0715926734
57.6846846847, 14.0277530302
57.7837837838, 13.9839886364
57.8828828829, 13.9402992342
57.9819819820, 13.8966845671
58.0810810811, 13.8531443798
58.1801801802, 13.8096784183
58.2792792793, 13.7662864300
58.3783783784, 13.7229681635
58.4774774775, 13.6797233689
58.5765765766, 13.6365517972
58.6756756757, 13.5934532009
58.7747747748, 13.5504273337
58.8738738739, 13.5074739506
58.9729729730, 13.4645928078
59.0720720721, 13.4217836626
59.1711711712, 13.3790462738
59.2702702703, 13.3363804011
59.3693693694, 13.2937858056
59.4684684685, 13.2512622496
59.5675675676, 13.2088094965
59.6666666667, 13.1664273109
59.7657657658, 13.1241154586
59.8648648649, 13.0818737066
59.9639639640, 13.0397018229
60.0630630631, 12.9975995768
60.1621621622, 12.9555667387
60.2612612613, 12.9136030802
60.3603603604, 12.8717083738
60.4594594595, 12.8298823934
60.5585585586, 12.7881249139
60.6576576577, 12.7464357112
60.7567567568, 12.7048145624
60.8558558559, 12.6632612458
60.9549549550, 12.6217755405
61.0540540541, 12.5803572270
61.1531531532, 12.5390060865
61.2522522523, 12.4977219016
61.3513513514, 12.4565044559
61.4504504505, 12.4153535338
61.5495495495, 12.3742689210
61.6486486486, 12.3332504041
61.7477477477, 12.2922977709
61.8468468468, 12.2514108099
61.9459459459, 12.2105893110
62.0450450450, 12.1698330647
62.1441441441, 12.1291418630
62.2432432432, 12.0885154984
62.3423423423, 12.0479537647
62.4414414414, 12.0074564565
62.5405405405, 11.9670233696
62.6396396396, 11.9266543006
62.7387387387, 11.8863490470
62.8378378378, 11.8461074075
62.9369369369, 11.8059291815
63.0360360360, 11.7658141694
63.1351351351, 11.7257621728
63.2342342342, 11.6857729939
63.3333333333, 11.6458464361
63.4324324324, 11.6059823033
63.5315315315, 11.5661804009
63.6306306306, 11.5264405347
63.7297297297, 11.4867625118
63.8288288288, 11.4471461399
63.9279279279, 11.4075912277
64.0270270270, 11.3680975848
64.1261261261, 11.3286650218
64.2252252252, 11.2892933500
64.3243243243, 11.2499823816
64.4234234234, 11.2107319297
64.5225225225, 11.1715418083
64.6216216216, 11.1324118322
64.7207207207, 11.0933418171
64.8198198198, 11.0543315795
64.9189189189, 11.0153809367
65.0180180180, 10.9764897070
65.1171171171, 10.9376577094
65.2162162162, 10.8988847637
65.3153153153, 10.8601706906
65.4144144144, 10.8215153116
65.5135135135, 10.7829184490
65.6126126126, 10.7443799259
65.7117117117, 10.7058995661
65.8108108108, 10.6674771945
65.9099099099, 10.6291126365
66.0090090090, 10.5908057183
66.1081081081, 10.5525562671
66.2072072072, 10.5143641106
66.3063063063, 10.4762290775
66.4054054054, 10.4381509972
66.5045045045, 10.4001296997
66.6036036036, 10.3621650161
66.7027027027, 10.3242567779
66.8018018018, 10.2864048176
66.9009009009, 10.2486089682
67.0000000000, 10.2108690638
67.0990990991, 10.1731849389
67.1981981982, 10.1355564289
67.2972972973, 10.0979833698
67.3963963964, 10.0604655985
67.4954954955, 10.0230029525
67.5945945946, 9.9855952701
67.6936936937, 9.9482423902
67.7927927928, 9.9109441525
67.8918918919, 9.8737003973
67.9909909910, 9.8365109657
68.0900900901, 9.7993756995
68.1891891892, 9.7622944411
68.2882882883, 9.7252670336
68.3873873874, 9.6882933209
68.4864864865, 9.6513731474
68.5855855856, 9.6145063584
68.6846846847, 9.5776927997
68.7837837838, 9.5409323177
68.8828828829, 9.5042247597
68.9819819820, 9.4675699735
69.0810810811, 9.4309678075
69.1801801802, 9.3944181109
69.2792792793, 9.3579207335
69.3783783784, 9.3214755258
69.4774774775, 9.2850823387
69.5765765766, 9.2487410240
69.6756756757, 9.2124514340
69.7747747748, 9.1762134218
69.8738738739, 9.1400268408
69.9729729730, 9.1038915454
70.0720720721, 9.0678073903
70.1711711712, 9.0317742310
70.2702702703, 8.9957919236
70.3693693694, 8.9598603247
70.4684684685, 8.9239792917
70.5675675676, 8.8881486823
70.6666666667, 8.8523683551
70.7657657658, 8.8166381692
70.8648648649, 8.7809579842
70.9639639640, 8.7453276603
71.0630630631, 8.7097470585
71.1621621622, 8.6742160400
71.2612612613, 8.6387344670
71.3603603604, 8.6033022020
71.4594594595, 8.5679191081
71.5585585586, 8.5325850491
71.6576576577, 8.4972998892
71.7567567568, 8.4620634933
71.8558558559, 8.4268757268
71.9549549550, 8.3917364556
72.0540540541, 8.3566455463
72.1531531532, 8.3216028658
72.2522522523, 8.2866082819
72.3513513514, 8.2516616627
72.4504504505, 8.2167628769
72.5495495495, 8.1819117937
72.6486486486, 8.1471082828
72.7477477477, 8.1123522147
72.8468468468, 8.0776434600
72.9459459459, 8.0429818902
73.0450450450, 8.0083673772
73.1441441441, 7.9737997934
73.2432432432, 7.9392790116
73.3423423423, 7.9048049054
73.4414414414, 7.8703773486
73.5405405405, 7.8359962158
73.6396396396, 7.8016613818
73.7387387387, 7.7673727223
73.8378378378, 7.7331301131
73.9369369369, 7.6989334307
74.0360360360, 7.6647825521
74.1351351351, 7.6306773547
74.2342342342, 7.5966177166
74.3333333333, 7.5626035161
74.4324324324, 7.5286346322
74.5315315315, 7.4947109442
74.6306306306, 7.4608323322
74.7297297297, 7.4269986764
74.8288288288, 7.3932098577
74.9279279279, 7.3594657574
75.0270270270, 7.3257662573
75.1261261261, 7.2921112397
75.2252252252, 7.2585005873
75.3243243243, 7.2249341832
75.4234234234, 7.1914119112
75.5225225225, 7.1579336552
75.6216216216, 7.1244993000
75.7207207207, 7.0911087305
75.8198198198, 7.0577618322
75.9189189189, 7.0244584909
76.0180180180, 6.9911985931
76.1171171171, 6.9579820255
76.2162162162, 6.9248086754
76.3153153153, 6.8916784305
76.4144144144, 6.8585911790
76.5135135135, 6.8255468093
76.6126126126, 6.7925452104
76.7117117117, 6.7595862719
76.8108108108, 6.7266698834
76.9099099099, 6.6937959354
77.0090090090, 6.6609643185
77.1081081081, 6.6281749239
77.2072072072, 6.5954276430
77.3063063063, 6.5627223678
77.4054054054, 6.5300589908
77.5045045045, 6.4974374046
77.6036036036, 6.4648575026
77.7027027027, 6.4323191783
77.8018018018, 6.3998223256
77.9009009009, 6.3673668391
78.0000000000, 6.3349526136
78.0990990991, 6.3025795443
78.1981981982, 6.2702475267
78.2972972973, 6.2379564570
78.3963963964, 6.2057062315
78.4954954955, 6.1734967471
78.5945945946, 6.1413279008
78.6936936937, 6.1091995904
78.7927927928, 6.0771117138
78.8918918919, 6.0450641693
78.9909909910, 6.0130568557
79.0900900901, 5.9810896721
79.1891891892, 5.9491625180
79.2882882883, 5.9172752933
79.3873873874, 5.8854278982
79.4864864865, 5.8536202333
79.5855855856, 5.8218521997
79.6846846847, 5.7901236986
79.7837837838, 5.7584346320
79.8828828829, 5.7267849017
79.9819819820, 5.6951744104
80.0810810811, 5.6636030607
80.1801801802, 5.6320707560
80.2792792793, 5.6005773997
80.3783783784, 5.5691228958
80.4774774775, 5.5377071485
80.5765765766, 5.5063300624
80.6756756757, 5.4749915425
80.7747747748, 5.4436914941
80.8738738739, 5.4124298228
80.9729729730, 5.3812064347
81.0720720721, 5.3500212361
81.1711711712, 5.3188741337
81.2702702703, 5.2877650346
81.3693693694, 5.2566938461
81.4684684685, 5.2256604759
81.5675675676, 5.1946648320
81.6666666667, 5.1637068230
81.7657657658, 5.1327863574
81.8648648649, 5.1019033444
81.9639639640, 5.0710576932
82.0630630631, 5.0402493138
82.1621621622, 5.0094781159
82.2612612613, 4.9787440101
82.3603603604, 4.9480469070
82.4594594595, 4.9173867176
82.5585585586, 4.8867633533
82.6576576577, 4.8561767256
82.7567567568, 4.8256267466
82.8558558559, 4.7951133286
82.9549549550, 4.7646363841
83.0540540541, 4.7341958260
83.1531531532, 4.7037915675
83.2522522523, 4.6734235223
83.3513513514, 4.6430916041
83.4504504505, 4.6127957271
83.5495495495, 4.5825358057
83.6486486486, 4.5523117547
83.7477477477, 4.5221234891
83.8468468468, 4.4919709243
83.9459459459, 4.4618539760
84.0450450450, 4.4317725601
84.1441441441, 4.4017265929
84.2432432432, 4.3717159909
84.3423423423, 4.3417406709
84.4414414414, 4.3118005502
84.5405405405, 4.2818955461
84.6396396396, 4.2520255764
84.7387387387, 4.2221905591
84.8378378378, 4.1923904124
84.9369369369, 4.1626250549
85.0360360360, 4.1328944056
85.1351351351, 4.1031983836
85.2342342342, 4.0735369082
85.3333333333, 4.0439098993
85.4324324324, 4.0143172767
85.5315315315, 3.9847589609
85.6306306306, 3.9552348722
85.7297297297, 3.9257449317
85.8288288288, 3.8962890602
85.9279279279, 3.8668671793
86.0270270270, 3.8374792106
86.1261261261, 3.8081250759
86.2252252252, 3.7788046975
86.3243243243, 3.7495179979
86.4234234234, 3.7202648996
86.5225225225, 3.6910453258
86.6216216216, 3.6618591997
86.7207207207, 3.6327064447
86.8198198198, 3.6035869847
86.9189189189, 3.5745007437
87.0180180180, 3.5454476459
87.1171171171, 3.5164276160
87.2162162162, 3.4874405788
87.3153153153, 3.4584864593
87.4144144144, 3.4295651828
87.5135135135, 3.4006766749
87.6126126126, 3.3718208615
87.7117117117, 3.3429976686
87.8108108108, 3.3142070226
87.9099099099, 3.2854488500
88.0090090090, 3.2567230776
88.1081081081, 3.2280296326
88.2072072072, 3.1993684423
88.3063063063, 3.1707394342
88.4054054054, 3.1421425361
88.5045045045, 3.1135776761
88.6036036036, 3.0850447824
88.7027027027, 3.0565437837
88.8018018018, 3.0280746087
88.9009009009, 2.9996371864
89.0000000000, 2.9712314460
89.0990990991, 2.9428573171
89.1981981982, 2.9145147293
89.2972972973, 2.8862036126
89.3963963964, 2.8579238972
89.4954954955, 2.8296755135
89.5945945946, 2.8014583922
89.6936936937, 2.7732724642
89.7927927928, 2.7451176605
89.8918918919, 2.7169939125
89.9909909910, 2.6889011517
90.0900900901, 2.6608393100
90.1891891892, 2.6328083194
90.2882882883, 2.6048081120
90.3873873874, 2.5768386204
90.4864864865, 2.5488997773
90.5855855856, 2.5209915156
90.6846846847, 2.4931137683
90.7837837838, 2.4652664688
90.8828828829, 2.4374495508
90.9819819820, 2.4096629479
91.0810810811, 2.3819065941
91.1801801802, 2.3541804238
91.2792792793, 2.3264843712
91.3783783784, 2.2988183711
91.4774774775, 2.2711823583
91.5765765766, 2.2435762678
91.6756756757, 2.2160000350
91.7747747748, 2.1884535953
91.8738738739, 2.1609368844
91.9729729730, 2.1334498382
92.0720720721, 2.1059923928
92.1711711712, 2.0785644846
92.2702702703, 2.0511660500
92.3693693694, 2.0237970258
92.4684684685, 1.9964573489
92.5675675676, 1.9691469565
92.6666666667, 1.9418657858
92.7657657658, 1.9146137744
92.8648648649, 1.8873908600
92.9639639640, 1.8601969806
93.0630630631, 1.8330320743
93.1621621622, 1.8058960794
93.2612612613, 1.7787889345
93.3603603604, 1.7517105782
93.4594594595, 1.7246609496
93.5585585586, 1.6976399876
93.6576576577, 1.6706476316
93.7567567568, 1.6436838211
93.8558558559, 1.6167484958
93.9549549550, 1.5898415956
94.0540540541, 1.5629630605
94.1531531532, 1.5361128308
94.2522522523, 1.5092908469
94.3513513514, 1.4824970495
94.4504504505, 1.4557313793
94.5495495495, 1.4289937775
94.6486486486, 1.4022841852
94.7477477477, 1.3756025437
94.8468468468, 1.3489487947
94.9459459459, 1.3223228798
95.0450450450, 1.2957247411
95.1441441441, 1.2691543206
95.2432432432, 1.2426115605
95.3423423423, 1.2160964035
95.4414414414, 1.1896087920
95.5405405405, 1.1631486690
95.6396396396, 1.1367159775
95.7387387387, 1.1103106605
95.8378378378, 1.0839326616
95.9369369369, 1.0575819242
96.0360360360, 1.0312583920
96.1351351351, 1.0049620090
96.2342342342, 0.9786927191
96.3333333333, 0.9524504666
96.4324324324, 0.9262351959
96.5315315315, 0.9000468516
96.6306306306, 0.8738853785
96.7297297297, 0.8477507213
96.8288288288, 0.8216428253
96.9279279279, 0.7955616356
97.0270270270, 0.7695070977
97.1261261261, 0.7434791572
97.2252252252, 0.7174777598
97.3243243243, 0.6915028515
97.4234234234, 0.6655543783
97.5225225225, 0.6396322864
97.6216216216, 0.6137365224
97.7207207207, 0.5878670327
97.8198198198, 0.5620237640
97.9189189189, 0.5362066634
98.0180180180, 0.5104156779
98.1171171171, 0.4846507546
98.2162162162, 0.4589118409
98.3153153153, 0.4331988845
98.4144144144, 0.4075118330
98.5135135135, 0.3818506342
98.6126126126, 0.3562152361
98.7117117117, 0.3306055870
98.8108108108, 0.3050216352
98.9099099099, 0.2794633291
99.0090090090, 0.2539306173
99.1081081081, 0.2284234488
99.2072072072, 0.2029417723
99.3063063063, 0.1774855370
99.4054054054, 0.1520546922
99.5045045045, 0.1266491873
99.6036036036, 0.1012689718
99.7027027027, 0.0759139953
99.8018018018, 0.0505842079
99.9009009009, 0.0252795594
100.0000000000, 0.0000000000
